patch,agent,win_rate,total_games,wins
10.0,clove,83.33,12,10
10.0,phoenix,66.67,6,4
10.0,iso,66.67,6,4
10.0,deadlock,64.29,28,18
10.0,neon,63.16,38,24
10.0,tejo,53.33,90,48
10.0,killjoy,52.5,80,42
10.0,sova,52.24,134,70
10.0,astra,52.11,142,74
10.0,yoru,51.35,74,38
10.0,raze,50.77,130,66
10.0,vyse,50.0,68,34
10.0,gekko,50.0,28,14
10.0,chamber,50.0,16,8
10.0,cypher,49.09,110,54
10.0,fade,48.72,78,38
10.0,brimstone,48.48,66,32
10.0,breach,48.48,132,64
10.0,viper,48.28,58,28
10.0,omen,46.67,150,70
10.0,skye,46.15,26,12
10.0,jett,45.28,106,48
10.0,kayo,44.74,76,34
10.0,sage,25.0,16,4
10.0,harbor,20.0,10,2
10.01,neon,66.67,30,20
10.01,killjoy,58.33,48,28
10.01,vyse,56.86,102,58
10.01,kayo,55.56,72,40
10.01,iso,55.56,18,10
10.01,jett,54.9,102,56
10.01,viper,53.7,108,58
10.01,tejo,52.83,106,56
10.01,sova,52.11,142,74
10.01,skye,52.0,50,26
10.01,astra,51.9,158,82
10.01,gekko,50.0,24,12
10.01,reyna,50.0,4,2
10.01,raze,49.48,194,96
10.01,brimstone,48.89,90,44
10.01,omen,48.72,156,76
10.01,breach,47.46,118,56
10.01,cypher,47.37,114,54
10.01,yoru,41.86,86,36
10.01,chamber,40.0,30,12
10.01,fade,40.0,110,44
10.01,clove,33.33,6,2
10.01,deadlock,30.0,20,6
10.01,phoenix,25.0,8,2
10.01,harbor,0.0,2,0
10.01,sage,0.0,2,0
10.02,gekko,100.0,2,2
10.02,killjoy,80.0,5,4
10.02,iso,63.64,11,7
10.02,yoru,63.49,63,40
10.02,neon,60.0,10,6
10.02,viper,59.57,47,28
10.02,sova,57.58,33,19
10.02,chamber,57.14,7,4
10.02,skye,54.55,11,6
10.02,omen,51.39,72,37
10.02,brimstone,50.0,34,17
10.02,breach,49.18,61,30
10.02,raze,48.08,52,25
10.02,cypher,45.95,37,17
10.02,fade,45.45,33,15
10.02,tejo,45.33,75,34
10.02,vyse,42.86,42,18
10.02,kayo,41.67,12,5
10.02,astra,41.38,29,12
10.02,jett,19.05,21,4
10.02,reyna,0.0,2,0
10.02,clove,0.0,1,0
10.05,phoenix,100.0,2,2
10.05,reyna,100.0,4,4
10.05,harbor,75.0,8,6
10.05,neon,60.0,70,42
10.05,sova,58.49,106,62
10.05,jett,54.17,48,26
10.05,vyse,54.0,100,54
10.05,brimstone,52.63,38,20
10.05,killjoy,52.17,46,24
10.05,omen,51.85,216,112
10.05,yoru,51.35,148,76
10.05,clove,50.0,8,4
10.05,chamber,50.0,16,8
10.05,iso,50.0,36,18
10.05,deadlock,50.0,16,8
10.05,breach,49.37,158,78
10.05,cypher,49.3,142,70
10.05,tejo,48.11,212,102
10.05,viper,47.46,118,56
10.05,waylay,47.37,38,18
10.05,fade,45.95,74,34
10.05,kayo,41.67,48,20
10.05,astra,41.03,78,32
10.05,raze,36.36,66,24
10.05,sage,0.0,2,0
10.05,gekko,0.0,2,0
10.06,gekko,100.0,4,4
10.06,sage,100.0,2,2
10.06,harbor,66.67,12,8
10.06,waylay,63.64,22,14
10.06,killjoy,60.0,60,36
10.06,neon,58.82,68,40
10.06,kayo,58.33,48,28
10.06,astra,56.1,82,46
10.06,fade,52.94,68,36
10.06,viper,51.92,104,54
10.06,tejo,50.52,194,98
10.06,clove,50.0,4,2
10.06,jett,50.0,96,48
10.06,yoru,50.0,136,68
10.06,iso,50.0,32,16
10.06,brimstone,50.0,20,10
10.06,phoenix,50.0,8,4
10.06,raze,48.0,50,24
10.06,omen,47.57,206,98
10.06,cypher,47.46,118,56
10.06,vyse,47.06,102,48
10.06,sova,45.9,122,56
10.06,breach,44.07,118,52
10.06,chamber,33.33,18,6
10.06,deadlock,33.33,18,6
10.06,reyna,0.0,6,0
10.06,skye,0.0,2,0
10.07,clove,75.0,8,6
10.07,phoenix,71.43,14,10
10.07,skye,66.67,12,8
10.07,raze,60.0,110,66
10.07,sage,60.0,10,6
10.07,chamber,60.0,10,6
10.07,fade,57.81,128,74
10.07,vyse,53.66,164,88
10.07,neon,52.0,150,78
10.07,astra,51.67,120,62
10.07,harbor,51.61,62,32
10.07,omen,50.89,448,228
10.07,tejo,50.0,424,212
10.07,gekko,50.0,32,16
10.07,brimstone,50.0,64,32
10.07,reyna,50.0,4,2
10.07,deadlock,50.0,40,20
10.07,killjoy,49.52,210,104
10.07,kayo,49.33,150,74
10.07,yoru,49.24,264,130
10.07,viper,48.45,322,156
10.07,cypher,47.9,238,114
10.07,sova,47.73,264,126
10.07,breach,46.97,264,124
10.07,jett,46.62,266,124
10.07,iso,38.1,42,16
10.07,waylay,30.0,20,6
10.08,sage,83.33,12,10
10.08,astra,58.33,24,14
10.08,tejo,55.26,76,42
10.08,raze,53.85,52,28
10.08,vyse,53.85,26,14
10.08,yoru,51.52,66,34
10.08,omen,50.75,134,68
10.08,neon,50.0,56,28
10.08,killjoy,50.0,56,28
10.08,viper,50.0,84,42
10.08,jett,50.0,52,26
10.08,chamber,50.0,4,2
10.08,brimstone,50.0,24,12
10.08,breach,47.83,46,22
10.08,cypher,47.5,80,38
10.08,deadlock,47.37,38,18
10.08,sova,47.22,72,34
10.08,gekko,46.15,26,12
10.08,fade,44.44,54,24
10.08,kayo,42.86,28,12
10.08,iso,33.33,6,2
10.08,clove,0.0,2,0
10.08,waylay,0.0,2,0
10.10,chamber,100.0,8,8
10.10,sage,100.0,14,14
10.10,phoenix,100.0,1,1
10.10,astra,70.59,17,12
10.10,vyse,70.0,30,21
10.10,raze,65.0,60,39
10.10,yoru,60.0,60,36
10.10,harbor,57.14,7,4
10.10,fade,56.94,72,41
10.10,killjoy,53.57,56,30
10.10,viper,51.69,118,61
10.10,jett,50.0,34,17
10.10,sova,50.0,96,48
10.10,omen,46.26,147,68
10.10,deadlock,45.45,11,5
10.10,neon,42.55,47,20
10.10,skye,33.33,3,1
10.10,kayo,28.57,14,4
10.10,cypher,25.0,48,12
10.10,tejo,22.22,9,2
10.10,breach,20.0,25,5
10.10,gekko,7.69,13,1
10.10,waylay,0.0,4,0
10.10,iso,0.0,5,0
10.10,clove,0.0,1,0
10.11,sage,100.0,3,3
10.11,chamber,100.0,3,3
10.11,viper,73.33,15,11
10.11,fade,60.0,5,3
10.11,jett,57.14,7,4
10.11,killjoy,55.56,9,5
10.11,neon,50.0,12,6
10.11,sova,47.62,21,10
10.11,omen,47.62,21,10
10.11,cypher,45.45,11,5
10.11,yoru,42.86,7,3
10.11,kayo,33.33,3,1
10.11,breach,25.0,4,1
10.11,harbor,0.0,2,0
10.11,raze,0.0,2,0
10.11,vyse,0.0,3,0
10.11,iso,0.0,2,0
11.0,sage,58.41,113,66
11.0,chamber,58.18,110,64
11.0,tejo,58.14,43,25
11.0,phoenix,57.89,19,11
11.0,waylay,56.76,74,42
11.0,vyse,56.59,311,176
11.0,harbor,54.76,42,23
11.0,iso,53.95,76,41
11.0,yoru,53.47,518,277
11.0,raze,52.38,420,220
11.0,fade,51.34,598,307
11.0,astra,51.14,88,45
11.0,skye,50.0,60,30
11.0,sova,49.76,840,418
11.0,omen,49.54,1191,590
11.0,jett,49.35,310,153
11.0,brimstone,49.21,126,62
11.0,cypher,49.16,474,233
11.0,viper,48.76,808,394
11.0,killjoy,48.41,314,152
11.0,neon,46.46,452,210
11.0,kayo,46.05,215,99
11.0,gekko,42.86,98,42
11.0,breach,42.38,151,64
11.0,deadlock,40.61,165,67
11.0,clove,33.33,12,4
11.0,reyna,0.0,2,0
11.05,harbor,75.0,4,3
11.05,killjoy,64.0,25,16
11.05,viper,59.32,118,70
11.05,brimstone,59.26,27,16
11.05,sage,58.82,17,10
11.05,waylay,57.58,66,38
11.05,raze,55.93,59,33
11.05,sova,55.22,134,74
11.05,yoru,51.52,132,68
11.05,breach,50.0,20,10
11.05,omen,49.76,207,103
11.05,kayo,48.65,37,18
11.05,fade,46.96,115,54
11.05,cypher,46.25,80,37
11.05,deadlock,43.75,16,7
11.05,vyse,43.48,69,30
11.05,astra,40.74,27,11
11.05,tejo,40.0,25,10
11.05,neon,37.29,59,22
11.05,jett,33.33,30,10
11.05,chamber,33.33,12,4
11.05,gekko,14.29,7,1
11.05,skye,0.0,4,0
2.05,phoenix,58.06,31,18
2.05,brimstone,57.14,14,8
2.05,sage,53.45,116,62
2.05,jett,51.9,158,82
2.05,viper,51.61,31,16
2.05,killjoy,51.55,97,50
2.05,raze,51.19,84,43
2.05,sova,50.57,174,88
2.05,skye,50.0,30,15
2.05,omen,49.25,134,66
2.05,astra,48.72,39,19
2.05,cypher,47.3,74,35
2.05,reyna,40.0,40,16
2.05,breach,31.58,38,12
2.07,brimstone,66.67,12,8
2.07,phoenix,60.0,30,18
2.07,viper,59.46,37,22
2.07,killjoy,55.36,56,31
2.07,astra,54.84,31,17
2.07,skye,54.55,33,18
2.07,sova,48.72,78,38
2.07,raze,48.39,31,15
2.07,jett,47.69,65,31
2.07,omen,43.18,44,19
2.07,breach,42.86,7,3
2.07,sage,40.62,32,13
2.07,reyna,38.89,18,7
2.07,cypher,31.25,16,5
2.09,brimstone,68.75,16,11
2.09,reyna,64.29,14,9
2.09,cypher,55.0,20,11
2.09,viper,54.72,53,29
2.09,skye,52.5,40,21
2.09,sage,51.72,58,30
2.09,sova,51.32,76,39
2.09,phoenix,50.0,16,8
2.09,astra,48.21,56,27
2.09,raze,47.92,48,23
2.09,jett,46.91,81,38
2.09,killjoy,44.83,58,26
2.09,breach,42.86,14,6
2.09,omen,42.31,26,11
2.09,yoru,25.0,4,1
2.11,breach,100.0,1,1
2.11,brimstone,100.0,1,1
2.11,sage,58.82,17,10
2.11,omen,57.14,7,4
2.11,viper,50.0,12,6
2.11,raze,50.0,14,7
2.11,astra,50.0,16,8
2.11,skye,50.0,8,4
2.11,reyna,50.0,4,2
2.11,sova,48.0,25,12
2.11,killjoy,46.67,15,7
2.11,jett,46.43,28,13
2.11,cypher,44.44,9,4
2.11,phoenix,33.33,3,1
3.0,skye,56.2,137,77
3.0,astra,54.95,111,61
3.0,brimstone,51.43,35,18
3.0,killjoy,51.26,119,61
3.0,cypher,51.22,123,63
3.0,viper,50.0,166,83
3.0,raze,50.0,86,43
3.0,sage,50.0,160,80
3.0,jett,49.6,250,124
3.0,sova,48.84,258,126
3.0,breach,47.92,48,23
3.0,phoenix,47.37,38,18
3.0,reyna,46.38,69,32
3.0,omen,44.64,112,50
3.0,kayo,20.0,5,1
3.0,yoru,0.0,3,0
3.01,phoenix,100.0,1,1
3.01,brimstone,59.09,22,13
3.01,raze,57.78,45,26
3.01,sage,53.95,76,41
3.01,cypher,53.66,41,22
3.01,astra,51.22,41,21
3.01,viper,51.16,86,44
3.01,sova,50.47,107,54
3.01,jett,50.44,113,57
3.01,reyna,50.0,30,15
3.01,breach,50.0,26,13
3.01,skye,48.72,78,38
3.01,killjoy,43.4,53,23
3.01,omen,40.82,49,20
3.01,kayo,31.82,22,7
3.02,breach,69.7,33,23
3.02,brimstone,54.55,22,12
3.02,skye,52.22,90,47
3.02,cypher,52.17,46,24
3.02,raze,51.85,54,28
3.02,killjoy,51.35,111,57
3.02,sova,51.05,143,73
3.02,yoru,50.0,2,1
3.02,jett,49.69,161,80
3.02,astra,49.44,89,44
3.02,omen,48.89,45,22
3.02,sage,48.53,68,33
3.02,reyna,48.0,25,12
3.02,viper,45.83,72,33
3.02,phoenix,25.0,12,3
3.02,kayo,17.65,17,3
3.03,phoenix,66.67,3,2
3.03,breach,63.64,11,7
3.03,cypher,53.85,26,14
3.03,astra,52.78,36,19
3.03,reyna,52.38,21,11
3.03,sova,51.35,74,38
3.03,jett,50.0,84,42
3.03,brimstone,50.0,12,6
3.03,viper,49.06,53,26
3.03,killjoy,47.37,57,27
3.03,raze,45.83,24,11
3.03,skye,44.44,45,20
3.03,omen,43.75,16,7
3.03,sage,42.86,35,15
3.03,kayo,0.0,3,0
3.04,omen,90.0,10,9
3.04,brimstone,66.67,6,4
3.04,skye,56.14,57,32
3.04,viper,55.56,45,25
3.04,raze,53.57,28,15
3.04,killjoy,53.57,56,30
3.04,cypher,52.63,19,10
3.04,sova,52.17,69,36
3.04,kayo,50.0,4,2
3.04,jett,47.06,85,40
3.04,sage,44.44,45,20
3.04,astra,43.75,64,28
3.04,reyna,40.74,27,11
3.04,phoenix,37.5,8,3
3.04,breach,0.0,6,0
3.04,yoru,0.0,1,0
3.05,phoenix,100.0,1,1
3.05,cypher,62.5,8,5
3.05,sage,62.5,8,5
3.05,viper,57.14,7,4
3.05,jett,53.33,15,8
3.05,astra,50.0,8,4
3.05,sova,50.0,18,9
3.05,omen,50.0,4,2
3.05,skye,50.0,6,3
3.05,killjoy,40.0,5,2
3.05,reyna,28.57,7,2
3.05,raze,0.0,2,0
3.05,breach,0.0,1,0
3.06,killjoy,57.89,19,11
3.06,breach,55.56,9,5
3.06,astra,55.17,29,16
3.06,sage,53.85,13,7
3.06,raze,53.85,13,7
3.06,reyna,50.0,6,3
3.06,viper,50.0,20,10
3.06,sova,50.0,30,15
3.06,brimstone,50.0,2,1
3.06,skye,47.06,17,8
3.06,jett,44.83,29,13
3.06,cypher,40.0,10,4
3.06,omen,0.0,2,0
3.06,kayo,0.0,1,0
3.07,kayo,69.23,13,9
3.07,phoenix,66.67,3,2
3.07,killjoy,59.57,47,28
3.07,breach,58.82,17,10
3.07,raze,55.56,36,20
3.07,reyna,55.56,36,20
3.07,sage,54.29,35,19
3.07,viper,52.63,57,30
3.07,sova,50.0,98,49
3.07,brimstone,50.0,2,1
3.07,astra,49.33,75,37
3.07,omen,47.06,17,8
3.07,jett,46.6,103,48
3.07,cypher,40.0,45,18
3.07,skye,37.5,56,21
3.08,viper,53.33,45,24
3.08,astra,53.23,62,33
3.08,skye,53.12,32,17
3.08,cypher,52.94,34,18
3.08,breach,52.63,19,10
3.08,sova,51.43,70,36
3.08,reyna,50.0,22,11
3.08,brimstone,50.0,2,1
3.08,jett,48.61,72,35
3.08,killjoy,48.0,25,12
3.08,raze,47.37,19,9
3.08,sage,47.22,36,17
3.08,kayo,42.86,7,3
3.08,phoenix,37.5,8,3
3.08,omen,16.67,6,1
3.08,yoru,0.0,1,0
3.09,yoru,100.0,1,1
3.09,brimstone,66.67,3,2
3.09,reyna,56.25,32,18
3.09,skye,53.25,77,41
3.09,raze,51.52,33,17
3.09,astra,51.33,113,58
3.09,jett,51.15,131,67
3.09,sage,51.02,49,25
3.09,viper,50.55,91,46
3.09,breach,50.0,26,13
3.09,sova,48.65,111,54
3.09,cypher,46.3,54,25
3.09,killjoy,45.1,51,23
3.09,kayo,30.77,13,4
3.09,omen,20.0,5,1
3.10,omen,100.0,2,2
3.10,brimstone,75.0,4,3
3.10,reyna,63.46,52,33
3.10,raze,58.7,46,27
3.10,viper,51.59,126,65
3.10,sage,50.85,59,30
3.10,killjoy,49.5,101,50
3.10,jett,49.2,187,92
3.10,breach,49.06,53,26
3.10,sova,48.47,163,79
3.10,skye,47.96,98,47
3.10,astra,47.5,160,76
3.10,cypher,46.03,63,29
3.10,kayo,45.71,35,16
3.10,yoru,0.0,1,0
3.12,kayo,60.47,86,52
3.12,cypher,55.08,118,65
3.12,skye,52.14,117,61
3.12,killjoy,51.18,127,65
3.12,sova,51.05,239,122
3.12,astra,50.93,214,109
3.12,viper,50.59,170,86
3.12,jett,49.63,272,135
3.12,raze,48.35,91,44
3.12,breach,46.25,80,37
3.12,brimstone,45.45,11,5
3.12,sage,44.35,115,51
3.12,reyna,40.0,40,16
3.12,chamber,34.38,32,11
3.12,omen,16.67,6,1
3.12,phoenix,0.0,2,0
4.0,kayo,71.43,21,15
4.0,brimstone,71.43,7,5
4.0,raze,60.0,20,12
4.0,reyna,57.14,21,12
4.0,sova,52.54,59,31
4.0,astra,51.28,39,20
4.0,viper,51.22,41,21
4.0,breach,50.0,12,6
4.0,cypher,50.0,4,2
4.0,killjoy,45.71,35,16
4.0,jett,45.28,53,24
4.0,sage,44.44,18,8
4.0,chamber,44.44,18,8
4.0,skye,37.04,27,10
4.0,yoru,0.0,1,0
4.0,omen,0.0,4,0
4.01,omen,100.0,4,4
4.01,phoenix,100.0,2,2
4.01,kayo,56.82,44,25
4.01,reyna,55.88,34,19
4.01,chamber,52.13,94,49
4.01,viper,51.88,133,69
4.01,killjoy,51.79,56,29
4.01,sova,50.91,165,84
4.01,astra,50.0,148,74
4.01,brimstone,50.0,2,1
4.01,skye,48.48,99,48
4.01,raze,47.83,69,33
4.01,jett,47.33,131,62
4.01,sage,45.65,46,21
4.01,cypher,41.67,24,10
4.01,breach,29.41,17,5
4.01,neon,0.0,1,0
4.01,yoru,0.0,1,0
4.03,phoenix,100.0,1,1
4.03,cypher,64.29,14,9
4.03,kayo,52.63,38,20
4.03,jett,52.38,84,44
4.03,raze,52.0,25,13
4.03,sova,51.81,83,43
4.03,sage,51.72,29,15
4.03,astra,51.52,66,34
4.03,killjoy,51.28,39,20
4.03,viper,50.82,61,31
4.03,omen,50.0,8,4
4.03,skye,45.95,37,17
4.03,chamber,44.68,47,21
4.03,breach,37.5,16,6
4.03,reyna,22.22,9,2
4.03,brimstone,0.0,2,0
4.03,neon,0.0,1,0
4.04,neon,75.0,28,21
4.04,phoenix,66.67,3,2
4.04,yoru,60.0,5,3
4.04,chamber,54.62,260,142
4.04,astra,54.2,131,71
4.04,cypher,53.0,100,53
4.04,skye,52.79,197,104
4.04,sage,52.58,194,102
4.04,kayo,52.36,212,111
4.04,viper,50.0,252,126
4.04,raze,49.4,166,82
4.04,jett,48.89,450,220
4.04,sova,48.05,385,185
4.04,omen,47.72,241,115
4.04,brimstone,46.46,127,59
4.04,breach,45.9,183,84
4.04,killjoy,45.85,205,94
4.04,reyna,35.48,31,11
4.05,reyna,100.0,1,1
4.05,cypher,62.5,8,5
4.05,kayo,62.5,8,5
4.05,raze,60.0,5,3
4.05,brimstone,60.0,5,3
4.05,chamber,55.56,9,5
4.05,sage,50.0,12,6
4.05,sova,50.0,18,9
4.05,breach,50.0,4,2
4.05,viper,45.45,11,5
4.05,omen,45.45,11,5
4.05,jett,45.0,20,9
4.05,skye,40.0,5,2
4.05,killjoy,0.0,3,0
4.07,neon,61.9,21,13
4.07,sage,56.3,135,76
4.07,skye,52.82,142,75
4.07,omen,52.15,163,85
4.07,astra,52.11,71,37
4.07,kayo,51.79,168,87
4.07,killjoy,50.62,81,41
4.07,sova,50.59,253,128
4.07,viper,50.27,183,92
4.07,cypher,50.0,40,20
4.07,yoru,50.0,2,1
4.07,chamber,48.48,264,128
4.07,raze,48.28,145,70
4.07,jett,48.05,256,123
4.07,breach,45.74,129,59
4.07,brimstone,40.74,81,33
4.07,reyna,33.33,6,2
4.08,phoenix,100.0,1,1
4.08,neon,58.06,31,18
4.08,cypher,57.58,33,19
4.08,yoru,55.56,9,5
4.08,sage,54.55,88,48
4.08,raze,54.24,118,64
4.08,skye,53.66,82,44
4.08,brimstone,50.85,59,30
4.08,omen,50.51,99,50
4.08,astra,50.0,54,27
4.08,reyna,50.0,10,5
4.08,chamber,49.77,219,109
4.08,sova,49.72,181,90
4.08,viper,48.8,125,61
4.08,breach,47.62,84,40
4.08,jett,46.27,134,62
4.08,killjoy,46.0,50,23
4.08,kayo,45.54,112,51
4.08,fade,45.0,40,18
4.09,yoru,66.67,21,14
4.09,astra,61.64,73,45
4.09,fade,57.14,98,56
4.09,cypher,54.35,46,25
4.09,viper,52.46,122,64
4.09,raze,51.56,128,66
4.09,chamber,51.35,222,114
4.09,sage,51.28,78,40
4.09,breach,51.2,125,64
4.09,kayo,48.39,155,75
4.09,sova,48.21,168,81
4.09,jett,47.76,134,64
4.09,brimstone,47.62,63,30
4.09,neon,47.37,57,27
4.09,killjoy,45.45,77,35
4.09,omen,44.37,142,63
4.09,skye,43.53,85,37
4.09,reyna,33.33,15,5
4.10,viper,55.03,149,82
4.10,skye,54.72,106,58
4.10,reyna,54.55,11,6
4.10,sage,54.37,103,56
4.10,sova,54.21,190,103
4.10,chamber,51.46,274,141
4.10,kayo,51.09,137,70
4.10,brimstone,50.59,85,43
4.10,astra,50.0,88,44
4.10,phoenix,50.0,2,1
4.10,raze,49.69,161,80
4.10,neon,49.12,57,28
4.10,jett,48.55,138,67
4.10,omen,47.1,138,65
4.10,killjoy,45.95,74,34
4.10,fade,45.79,107,49
4.10,breach,43.64,165,72
4.10,cypher,40.0,50,20
4.10,yoru,20.0,5,1
4.11,brimstone,56.25,64,36
4.11,killjoy,55.95,84,47
4.11,viper,54.03,211,114
4.11,jett,53.15,143,76
4.11,astra,51.81,83,43
4.11,sage,51.64,122,63
4.11,kayo,51.45,173,89
4.11,sova,51.24,201,103
4.11,raze,50.29,171,86
4.11,fade,49.31,144,71
4.11,chamber,48.17,328,158
4.11,skye,47.12,104,49
4.11,neon,46.43,56,26
4.11,reyna,45.45,11,5
4.11,breach,45.39,141,64
4.11,omen,44.72,161,72
4.11,cypher,41.94,31,13
4.11,yoru,41.67,12,5
5.0,cypher,77.78,9,7
5.0,omen,57.75,71,41
5.0,yoru,55.56,9,5
5.0,viper,53.72,121,65
5.0,fade,52.5,120,63
5.0,sova,52.05,73,38
5.0,raze,51.94,129,67
5.0,sage,50.88,57,29
5.0,kayo,50.0,130,65
5.0,neon,50.0,42,21
5.0,chamber,49.52,210,104
5.0,killjoy,48.57,35,17
5.0,skye,48.39,62,30
5.0,brimstone,46.77,62,29
5.0,jett,44.64,56,25
5.0,astra,42.67,75,32
5.0,breach,41.67,84,35
5.0,reyna,40.0,5,2
5.03,reyna,100.0,2,2
5.03,neon,66.67,6,4
5.03,breach,61.54,13,8
5.03,jett,57.14,7,4
5.03,sova,54.55,11,6
5.03,viper,53.85,13,7
5.03,brimstone,53.33,15,8
5.03,chamber,53.12,32,17
5.03,astra,50.0,8,4
5.03,fade,47.62,21,10
5.03,raze,47.06,17,8
5.03,kayo,45.45,11,5
5.03,skye,42.86,7,3
5.03,killjoy,40.0,5,2
5.03,omen,37.5,8,3
5.03,sage,33.33,12,4
5.03,phoenix,0.0,1,0
5.03,cypher,0.0,1,0
5.04,brimstone,53.85,52,28
5.04,raze,52.94,85,45
5.04,cypher,52.94,17,9
5.04,kayo,51.67,120,62
5.04,jett,50.65,77,39
5.04,chamber,50.6,168,85
5.04,sova,50.56,89,45
5.04,viper,50.42,119,60
5.04,fade,50.39,129,65
5.04,neon,50.0,40,20
5.04,reyna,50.0,2,1
5.04,omen,49.43,87,43
5.04,skye,48.94,47,23
5.04,killjoy,47.73,44,21
5.04,breach,47.62,63,30
5.04,sage,47.37,57,27
5.04,astra,44.68,47,21
5.04,phoenix,42.86,14,6
5.04,yoru,0.0,3,0
5.05,neon,100.0,3,3
5.05,astra,75.0,4,3
5.05,chamber,66.67,12,8
5.05,cypher,66.67,3,2
5.05,fade,57.14,7,4
5.05,breach,57.14,7,4
5.05,raze,50.0,6,3
5.05,skye,50.0,4,2
5.05,viper,50.0,4,2
5.05,sova,44.44,9,4
5.05,omen,42.86,7,3
5.05,kayo,42.86,7,3
5.05,jett,37.5,8,3
5.05,brimstone,33.33,3,1
5.05,killjoy,0.0,3,0
5.05,sage,0.0,2,0
5.05,phoenix,0.0,1,0
5.06,killjoy,66.67,3,2
5.06,kayo,60.0,15,9
5.06,jett,57.14,14,8
5.06,raze,56.25,16,9
5.06,omen,55.56,9,5
5.06,astra,55.56,9,5
5.06,fade,55.0,20,11
5.06,phoenix,50.0,2,1
5.06,sova,50.0,12,6
5.06,neon,50.0,4,2
5.06,sage,50.0,2,1
5.06,cypher,50.0,2,1
5.06,chamber,46.67,30,14
5.06,brimstone,42.86,14,6
5.06,breach,41.67,12,5
5.06,viper,41.67,12,5
5.06,skye,35.71,14,5
5.07,brimstone,64.29,14,9
5.07,astra,61.54,13,8
5.07,killjoy,59.26,27,16
5.07,skye,55.56,18,10
5.07,jett,53.49,43,23
5.07,fade,53.06,49,26
5.07,kayo,52.27,44,23
5.07,chamber,51.85,54,28
5.07,reyna,50.0,4,2
5.07,viper,48.89,45,22
5.07,sova,48.89,45,22
5.07,breach,45.0,20,9
5.07,omen,44.19,43,19
5.07,raze,43.33,30,13
5.07,cypher,37.5,8,3
5.07,sage,35.0,20,7
5.07,neon,0.0,2,0
5.07,yoru,0.0,1,0
5.08,phoenix,71.43,7,5
5.08,yoru,66.67,3,2
5.08,reyna,64.29,14,9
5.08,raze,61.9,42,26
5.08,harbor,60.0,5,3
5.08,viper,56.41,39,22
5.08,kayo,55.26,38,21
5.08,omen,54.55,22,12
5.08,killjoy,53.85,13,7
5.08,sage,52.0,25,13
5.08,astra,51.52,33,17
5.08,sova,51.28,39,20
5.08,fade,50.0,60,30
5.08,chamber,49.33,75,37
5.08,brimstone,40.91,22,9
5.08,breach,38.71,31,12
5.08,skye,38.46,13,5
5.08,jett,36.0,25,9
5.08,neon,11.11,9,1
5.08,cypher,0.0,5,0
5.09,yoru,100.0,1,1
5.09,cypher,80.0,5,4
5.09,reyna,66.67,6,4
5.09,skye,60.0,5,3
5.09,omen,54.17,24,13
5.09,viper,53.85,26,14
5.09,sage,53.85,13,7
5.09,kayo,51.52,33,17
5.09,sova,50.0,28,14
5.09,chamber,50.0,34,17
5.09,brimstone,50.0,6,3
5.09,neon,50.0,4,2
5.09,fade,48.28,29,14
5.09,jett,47.06,34,16
5.09,killjoy,42.86,21,9
5.09,astra,42.86,14,6
5.09,breach,42.86,14,6
5.09,raze,41.67,12,5
5.09,phoenix,0.0,1,0
5.10,cypher,65.22,23,15
5.10,skye,60.0,40,24
5.10,jett,57.03,128,73
5.10,sova,54.87,113,62
5.10,viper,52.78,144,76
5.10,kayo,51.32,152,78
5.10,sage,51.06,47,24
5.10,raze,50.0,114,57
5.10,chamber,49.51,206,102
5.10,omen,49.15,118,58
5.10,astra,48.72,78,38
5.10,killjoy,48.72,78,38
5.10,brimstone,47.69,65,31
5.10,fade,46.07,178,82
5.10,breach,45.83,96,44
5.10,neon,43.48,23,10
5.10,reyna,35.29,17,6
5.10,phoenix,29.41,17,5
5.10,harbor,22.22,9,2
5.10,yoru,0.0,4,0
5.12,sage,66.67,3,2
5.12,astra,57.89,19,11
5.12,jett,57.5,40,23
5.12,viper,55.0,20,11
5.12,reyna,54.55,11,6
5.12,killjoy,54.29,35,19
5.12,breach,53.85,26,14
5.12,fade,50.0,16,8
5.12,yoru,50.0,4,2
5.12,neon,50.0,8,4
5.12,sova,48.84,43,21
5.12,kayo,48.39,31,15
5.12,cypher,47.37,19,9
5.12,raze,45.45,11,5
5.12,omen,42.86,21,9
5.12,phoenix,40.0,5,2
5.12,brimstone,37.5,8,3
5.12,skye,25.0,4,1
5.12,harbor,0.0,3,0
5.12,chamber,0.0,3,0
6.0,harbor,100.0,1,1
6.0,cypher,77.78,9,7
6.0,phoenix,60.0,5,3
6.0,sage,56.25,16,9
6.0,viper,55.17,29,16
6.0,omen,55.0,20,11
6.0,sova,52.38,42,22
6.0,jett,51.11,45,23
6.0,kayo,50.0,40,20
6.0,reyna,50.0,2,1
6.0,killjoy,49.09,55,27
6.0,astra,48.15,27,13
6.0,fade,47.83,23,11
6.0,raze,46.67,15,7
6.0,skye,42.86,7,3
6.0,neon,37.5,8,3
6.0,brimstone,37.5,8,3
6.0,breach,33.33,15,5
6.0,chamber,0.0,3,0
6.01,neon,69.23,13,9
6.01,sova,58.9,73,43
6.01,sage,56.67,30,17
6.01,jett,53.85,78,42
6.01,killjoy,52.13,94,49
6.01,breach,50.0,56,28
6.01,brimstone,50.0,22,11
6.01,viper,50.0,48,24
6.01,yoru,50.0,2,1
6.01,omen,49.09,55,27
6.01,raze,48.84,43,21
6.01,astra,48.48,33,16
6.01,kayo,43.9,41,18
6.01,skye,42.86,21,9
6.01,reyna,40.0,5,2
6.01,fade,39.39,33,13
6.01,cypher,39.13,23,9
6.01,chamber,20.0,5,1
6.01,phoenix,0.0,4,0
6.01,harbor,0.0,1,0
6.02,phoenix,66.67,3,2
6.02,chamber,66.67,6,4
6.02,yoru,66.67,3,2
6.02,neon,63.64,22,14
6.02,skye,60.66,61,37
6.02,brimstone,59.38,32,19
6.02,sage,56.36,55,31
6.02,killjoy,52.05,219,114
6.02,jett,51.38,181,93
6.02,viper,50.89,112,57
6.02,sova,50.79,126,64
6.02,breach,49.09,110,54
6.02,astra,48.48,99,48
6.02,raze,48.42,95,46
6.02,harbor,48.39,31,15
6.02,fade,47.62,63,30
6.02,omen,46.96,115,54
6.02,cypher,45.28,53,24
6.02,kayo,39.69,131,52
6.02,reyna,0.0,3,0
6.03,chamber,100.0,1,1
6.03,sage,65.22,23,15
6.03,cypher,59.09,22,13
6.03,sova,53.85,78,42
6.03,astra,52.63,57,30
6.03,jett,51.85,108,56
6.03,kayo,51.02,49,25
6.03,fade,50.0,20,10
6.03,viper,50.0,44,22
6.03,killjoy,49.57,117,58
6.03,omen,49.15,59,29
6.03,skye,48.72,39,19
6.03,raze,44.19,43,19
6.03,breach,43.86,57,25
6.03,brimstone,40.0,10,4
6.03,harbor,35.71,14,5
6.03,neon,28.57,7,2
6.03,phoenix,0.0,1,0
6.03,yoru,0.0,1,0
6.04,kayo,60.0,10,6
6.04,astra,60.0,10,6
6.04,cypher,60.0,5,3
6.04,sage,57.14,7,4
6.04,killjoy,53.85,13,7
6.04,fade,50.0,2,1
6.04,sova,50.0,12,6
6.04,brimstone,50.0,2,1
6.04,skye,50.0,4,2
6.04,raze,50.0,4,2
6.04,jett,46.67,15,7
6.04,breach,40.0,5,2
6.04,viper,33.33,6,2
6.04,omen,25.0,4,1
6.04,neon,0.0,1,0
6.05,chamber,75.0,4,3
6.05,phoenix,71.43,7,5
6.05,yoru,66.67,3,2
6.05,cypher,58.93,56,33
6.05,fade,53.33,30,16
6.05,raze,52.14,117,61
6.05,omen,51.98,177,92
6.05,sova,51.55,161,83
6.05,killjoy,51.09,274,140
6.05,jett,50.57,263,133
6.05,reyna,50.0,4,2
6.05,sage,48.84,43,21
6.05,skye,48.65,148,72
6.05,harbor,48.53,68,33
6.05,viper,48.34,151,73
6.05,astra,48.11,106,51
6.05,breach,47.41,135,64
6.05,kayo,47.37,133,63
6.05,brimstone,46.67,30,14
6.05,neon,41.18,17,7
6.05,gekko,36.36,33,12
6.06,yoru,80.0,5,4
6.06,gekko,73.68,19,14
6.06,harbor,56.18,89,50
6.06,skye,55.0,180,99
6.06,astra,53.57,112,60
6.06,viper,53.54,226,121
6.06,jett,52.49,362,190
6.06,neon,52.0,25,13
6.06,killjoy,50.55,366,185
6.06,cypher,50.0,64,32
6.06,kayo,49.33,150,74
6.06,sage,47.62,63,30
6.06,brimstone,47.22,36,17
6.06,omen,46.59,249,116
6.06,raze,46.46,127,59
6.06,sova,46.22,225,104
6.06,breach,44.29,140,62
6.06,fade,38.98,59,23
6.06,phoenix,33.33,9,3
6.06,reyna,33.33,6,2
6.06,chamber,25.0,8,2
6.07,sage,100.0,2,2
6.07,astra,63.64,11,7
6.07,breach,63.64,11,7
6.07,cypher,57.14,7,4
6.07,brimstone,57.14,7,4
6.07,killjoy,55.0,20,11
6.07,jett,54.55,22,12
6.07,sova,50.0,10,5
6.07,gekko,50.0,2,1
6.07,kayo,50.0,10,5
6.07,harbor,50.0,2,1
6.07,skye,40.0,10,4
6.07,raze,40.0,10,4
6.07,fade,33.33,3,1
6.07,neon,33.33,3,1
6.07,omen,30.0,10,3
6.07,viper,30.0,10,3
6.08,phoenix,75.0,4,3
6.08,reyna,66.67,9,6
6.08,neon,63.16,57,36
6.08,gekko,61.54,26,16
6.08,chamber,60.0,5,3
6.08,yoru,57.14,14,8
6.08,cypher,54.88,82,45
6.08,fade,51.89,106,55
6.08,brimstone,51.39,144,74
6.08,breach,51.09,229,117
6.08,astra,50.89,169,86
6.08,sova,50.66,227,115
6.08,killjoy,50.65,539,273
6.08,omen,50.4,371,187
6.08,sage,50.0,50,25
6.08,raze,49.7,334,166
6.08,jett,49.62,528,262
6.08,kayo,49.48,194,96
6.08,skye,48.4,438,212
6.08,harbor,47.55,143,68
6.08,viper,45.61,421,192
6.10,yoru,100.0,1,1
6.10,phoenix,75.0,4,3
6.10,fade,61.29,31,19
6.10,sova,58.46,65,38
6.10,astra,58.14,43,25
6.10,raze,57.14,112,64
6.10,brimstone,56.45,62,35
6.10,harbor,54.55,44,24
6.10,killjoy,52.5,160,84
6.10,breach,52.44,82,43
6.10,viper,50.43,117,59
6.10,jett,49.69,161,80
6.10,cypher,47.5,40,19
6.10,skye,45.27,148,67
6.10,gekko,44.44,18,8
6.10,omen,42.98,121,52
6.10,kayo,42.86,56,24
6.10,sage,31.25,16,5
6.10,neon,20.83,24,5
6.10,chamber,0.0,4,0
6.10,reyna,0.0,1,0
6.11,phoenix,80.0,10,8
6.11,chamber,57.14,7,4
6.11,jett,54.9,102,56
6.11,breach,54.35,46,25
6.11,killjoy,54.12,85,46
6.11,skye,53.66,41,22
6.11,omen,52.7,74,39
6.11,sova,50.88,57,29
6.11,sage,50.0,8,4
6.11,brimstone,50.0,18,9
6.11,reyna,50.0,2,1
6.11,yoru,50.0,2,1
6.11,astra,46.88,32,15
6.11,raze,45.16,31,14
6.11,kayo,42.11,38,16
6.11,viper,41.46,41,17
6.11,harbor,40.0,5,2
6.11,fade,35.29,17,6
6.11,gekko,33.33,6,2
6.11,cypher,30.77,13,4
6.11,neon,0.0,5,0
7.0,yoru,71.43,7,5
7.0,chamber,66.67,27,18
7.0,neon,54.55,11,6
7.0,harbor,53.85,26,14
7.0,raze,53.66,123,66
7.0,sova,52.11,71,37
7.0,skye,51.64,122,63
7.0,viper,51.04,96,49
7.0,astra,50.7,71,36
7.0,jett,50.36,137,69
7.0,killjoy,50.0,132,66
7.0,breach,50.0,76,38
7.0,omen,49.55,111,55
7.0,cypher,48.72,39,19
7.0,brimstone,44.44,36,16
7.0,kayo,39.13,46,18
7.0,fade,35.0,20,7
7.0,sage,33.33,6,2
7.0,phoenix,16.67,6,1
7.0,reyna,0.0,1,0
7.0,gekko,0.0,6,0
7.02,phoenix,100.0,7,7
7.02,reyna,83.33,6,5
7.02,cypher,69.23,13,9
7.02,astra,56.25,64,36
7.02,kayo,55.81,43,24
7.02,sova,55.77,52,29
7.02,brimstone,52.94,51,27
7.02,killjoy,51.47,136,70
7.02,skye,51.26,119,61
7.02,raze,50.89,112,57
7.02,harbor,50.0,24,12
7.02,breach,50.0,48,24
7.02,yoru,50.0,8,4
7.02,jett,49.56,113,56
7.02,viper,46.09,115,53
7.02,omen,42.17,83,35
7.02,fade,38.46,26,10
7.02,gekko,37.5,8,3
7.02,chamber,30.43,23,7
7.02,neon,12.5,8,1
7.02,sage,0.0,1,0
7.04,phoenix,100.0,2,2
7.04,omen,100.0,2,2
7.04,jett,100.0,2,2
7.04,chamber,50.0,4,2
7.04,skye,50.0,4,2
7.04,yoru,0.0,2,0
7.04,brimstone,0.0,2,0
7.04,reyna,0.0,2,0
7.05,cypher,71.43,7,5
7.05,sage,66.67,3,2
7.05,harbor,66.67,3,2
7.05,kayo,55.56,9,5
7.05,omen,53.33,15,8
7.05,killjoy,50.0,12,6
7.05,jett,50.0,10,5
7.05,sova,50.0,10,5
7.05,breach,50.0,6,3
7.05,raze,45.45,11,5
7.05,skye,44.44,9,4
7.05,viper,44.44,9,4
7.05,brimstone,33.33,3,1
7.05,fade,0.0,1,0
7.05,astra,0.0,1,0
7.05,chamber,0.0,1,0
7.06,neon,66.67,3,2
7.06,breach,66.67,6,4
7.06,reyna,60.0,5,3
7.06,kayo,58.82,17,10
7.06,omen,58.7,46,27
7.06,killjoy,54.84,31,17
7.06,viper,52.38,42,22
7.06,jett,51.52,33,17
7.06,raze,50.0,42,21
7.06,brimstone,50.0,6,3
7.06,gekko,50.0,4,2
7.06,sage,50.0,2,1
7.06,skye,48.65,37,18
7.06,fade,46.15,13,6
7.06,yoru,44.44,9,4
7.06,harbor,42.86,7,3
7.06,sova,41.18,17,7
7.06,phoenix,33.33,3,1
7.06,chamber,30.0,10,3
7.06,cypher,28.57,7,2
7.06,astra,20.0,10,2
7.07,phoenix,100.0,1,1
7.07,gekko,100.0,1,1
7.07,cypher,68.75,16,11
7.07,kayo,66.67,9,6
7.07,viper,54.55,33,18
7.07,omen,54.55,33,18
7.07,skye,50.0,28,14
7.07,brimstone,50.0,4,2
7.07,breach,50.0,20,10
7.07,fade,50.0,2,1
7.07,killjoy,46.67,30,14
7.07,raze,46.15,26,12
7.07,jett,45.71,35,16
7.07,sova,45.0,20,9
7.07,harbor,42.86,7,3
7.07,reyna,40.0,5,2
7.07,chamber,25.0,4,1
7.07,astra,16.67,6,1
7.08,yoru,68.42,19,13
7.08,gekko,66.67,3,2
7.08,cypher,59.18,49,29
7.08,astra,52.38,42,22
7.08,brimstone,52.0,25,13
7.08,skye,50.79,126,64
7.08,raze,50.38,131,66
7.08,jett,50.0,158,79
7.08,fade,50.0,38,19
7.08,phoenix,50.0,6,3
7.08,omen,49.69,159,79
7.08,sova,49.47,95,47
7.08,viper,49.34,152,75
7.08,breach,49.02,51,25
7.08,killjoy,47.95,146,70
7.08,kayo,47.37,95,45
7.08,chamber,46.67,15,7
7.08,neon,45.45,11,5
7.08,harbor,45.45,22,10
7.08,reyna,42.86,14,6
7.08,sage,33.33,3,1
7.09,reyna,66.67,3,2
7.09,iso,66.67,3,2
7.09,skye,57.89,19,11
7.09,omen,54.76,42,23
7.09,cypher,52.63,19,10
7.09,kayo,52.0,25,13
7.09,raze,51.85,27,14
7.09,killjoy,51.52,33,17
7.09,gekko,50.0,4,2
7.09,neon,50.0,4,2
7.09,sova,50.0,22,11
7.09,jett,50.0,36,18
7.09,yoru,50.0,2,1
7.09,viper,47.37,38,18
7.09,astra,44.44,9,4
7.09,breach,41.67,12,5
7.09,fade,18.18,11,2
7.09,chamber,0.0,1,0
7.10,iso,100.0,1,1
7.10,phoenix,100.0,1,1
7.10,gekko,75.0,8,6
7.10,reyna,57.14,7,4
7.10,cypher,56.14,57,32
7.10,jett,54.79,73,40
7.10,breach,54.55,44,24
7.10,kayo,53.85,26,14
7.10,omen,51.92,104,54
7.10,sova,50.0,64,32
7.10,harbor,50.0,4,2
7.10,skye,48.33,60,29
7.10,raze,47.56,82,39
7.10,fade,46.67,15,7
7.10,killjoy,46.55,58,27
7.10,brimstone,46.15,13,6
7.10,viper,45.68,81,37
7.10,chamber,42.86,7,3
7.10,yoru,41.18,17,7
7.10,astra,28.57,14,4
7.10,sage,25.0,4,1
7.12,neon,100.0,1,1
7.12,yoru,80.0,5,4
7.12,iso,75.0,4,3
7.12,gekko,75.0,4,3
7.12,raze,59.46,37,22
7.12,cypher,56.67,30,17
7.12,breach,56.67,30,17
7.12,omen,52.86,70,37
7.12,sova,51.85,54,28
7.12,kayo,51.72,29,15
7.12,harbor,50.0,4,2
7.12,viper,48.21,56,27
7.12,killjoy,47.92,48,23
7.12,skye,43.59,39,17
7.12,jett,43.33,60,26
7.12,brimstone,42.86,7,3
7.12,chamber,40.0,5,2
7.12,sage,25.0,4,1
7.12,fade,20.0,5,1
7.12,astra,16.67,6,1
7.12,phoenix,0.0,2,0
8.0,chamber,100.0,1,1
8.0,yoru,100.0,1,1
8.0,sage,83.33,6,5
8.0,fade,66.67,6,4
8.0,skye,63.64,11,7
8.0,astra,60.0,5,3
8.0,cypher,58.33,12,7
8.0,omen,52.17,23,12
8.0,raze,50.0,18,9
8.0,jett,50.0,18,9
8.0,harbor,50.0,6,3
8.0,breach,50.0,2,1
8.0,viper,47.06,17,8
8.0,killjoy,45.0,20,9
8.0,kayo,40.0,10,4
8.0,sova,33.33,18,6
8.0,deadlock,33.33,3,1
8.0,reyna,0.0,2,0
8.0,phoenix,0.0,1,0
8.01,yoru,100.0,3,3
8.01,breach,100.0,1,1
8.01,neon,100.0,1,1
8.01,skye,100.0,1,1
8.01,omen,50.0,4,2
8.01,cypher,50.0,2,1
8.01,harbor,50.0,4,2
8.01,killjoy,50.0,6,3
8.01,viper,50.0,6,3
8.01,sova,50.0,4,2
8.01,raze,33.33,3,1
8.01,kayo,0.0,1,0
8.01,gekko,0.0,1,0
8.01,jett,0.0,2,0
8.01,fade,0.0,1,0
8.02,reyna,80.0,5,4
8.02,sage,75.0,12,9
8.02,gekko,54.35,46,25
8.02,viper,53.88,206,111
8.02,kayo,53.66,82,44
8.02,fade,51.72,58,30
8.02,jett,50.89,112,57
8.02,raze,50.34,147,74
8.02,neon,50.0,10,5
8.02,omen,49.69,161,80
8.02,killjoy,49.56,113,56
8.02,cypher,49.47,95,47
8.02,yoru,48.48,33,16
8.02,brimstone,48.0,25,12
8.02,sova,47.75,111,53
8.02,astra,44.83,29,13
8.02,skye,44.0,75,33
8.02,chamber,40.0,10,4
8.02,breach,39.47,38,15
8.02,harbor,39.29,28,11
8.02,phoenix,25.0,4,1
8.03,iso,75.0,4,3
8.03,sage,60.0,10,6
8.03,sova,53.76,93,50
8.03,kayo,53.73,67,36
8.03,killjoy,53.41,88,47
8.03,omen,53.3,197,105
8.03,viper,52.34,214,112
8.03,cypher,52.24,134,70
8.03,raze,52.0,175,91
8.03,harbor,50.0,20,10
8.03,gekko,47.83,46,22
8.03,yoru,47.73,44,21
8.03,fade,46.67,60,28
8.03,skye,46.07,89,41
8.03,brimstone,45.83,24,11
8.03,jett,45.83,96,44
8.03,phoenix,40.0,15,6
8.03,neon,40.0,5,2
8.03,breach,37.74,53,20
8.03,reyna,37.5,8,3
8.03,chamber,33.33,3,1
8.03,deadlock,25.0,4,1
8.03,astra,23.81,21,5
8.04,brimstone,70.0,10,7
8.04,gekko,63.04,46,29
8.04,fade,62.5,40,25
8.04,killjoy,58.73,63,37
8.04,harbor,57.14,7,4
8.04,sage,54.55,11,6
8.04,viper,52.82,142,75
8.04,raze,51.3,115,59
8.04,yoru,50.0,18,9
8.04,astra,50.0,16,8
8.04,jett,48.65,74,36
8.04,omen,48.59,142,69
8.04,kayo,47.37,57,27
8.04,skye,47.27,55,26
8.04,sova,44.83,58,26
8.04,neon,40.0,10,4
8.04,cypher,37.93,58,22
8.04,breach,34.78,23,8
8.04,phoenix,33.33,6,2
8.04,reyna,25.0,4,1
8.04,chamber,0.0,3,0
8.04,deadlock,0.0,1,0
8.04,iso,0.0,1,0
8.05,astra,80.0,5,4
8.05,neon,71.43,14,10
8.05,sage,68.0,25,17
8.05,reyna,66.67,6,4
8.05,chamber,60.0,15,9
8.05,yoru,54.35,46,25
8.05,fade,52.31,65,34
8.05,gekko,52.17,92,48
8.05,brimstone,51.85,27,14
8.05,omen,50.48,208,105
8.05,viper,50.19,257,129
8.05,raze,50.0,170,85
8.05,harbor,50.0,26,13
8.05,cypher,49.59,121,60
8.05,killjoy,48.55,138,67
8.05,sova,48.09,131,63
8.05,jett,47.83,115,55
8.05,skye,47.46,59,28
8.05,kayo,45.45,110,50
8.05,breach,44.12,34,15
8.05,phoenix,38.46,13,5
8.05,deadlock,0.0,3,0
8.07,yoru,58.33,60,35
8.07,breach,57.14,84,48
8.07,sova,53.43,204,109
8.07,fade,52.21,113,59
8.07,sage,52.0,50,26
8.07,cypher,51.83,218,113
8.07,omen,51.16,344,176
8.07,jett,50.52,194,98
8.07,killjoy,50.0,208,104
8.07,reyna,50.0,10,5
8.07,raze,49.42,346,171
8.07,brimstone,48.78,82,40
8.07,kayo,48.22,197,95
8.07,viper,48.21,419,202
8.07,skye,48.09,131,63
8.07,gekko,46.96,181,85
8.07,harbor,46.15,39,18
8.07,astra,46.15,26,12
8.07,chamber,40.0,20,8
8.07,neon,35.29,17,6
8.07,deadlock,33.33,6,2
8.07,phoenix,0.0,1,0
8.08,phoenix,100.0,1,1
8.08,brimstone,100.0,1,1
8.08,sage,83.33,6,5
8.08,gekko,72.73,11,8
8.08,viper,64.71,17,11
8.08,yoru,60.0,5,3
8.08,jett,55.56,9,5
8.08,kayo,52.94,17,9
8.08,clove,50.0,2,1
8.08,skye,50.0,2,1
8.08,fade,50.0,4,2
8.08,sova,46.67,15,7
8.08,killjoy,46.67,15,7
8.08,omen,43.48,23,10
8.08,raze,37.5,8,3
8.08,breach,33.33,3,1
8.08,harbor,33.33,3,1
8.08,reyna,33.33,3,1
8.08,cypher,30.0,10,3
8.08,neon,0.0,2,0
8.08,deadlock,0.0,3,0
8.09,reyna,75.0,4,3
8.09,astra,68.75,16,11
8.09,neon,66.67,3,2
8.09,kayo,57.35,68,39
8.09,brimstone,55.56,27,15
8.09,sova,55.06,89,49
8.09,jett,54.32,81,44
8.09,killjoy,52.87,87,46
8.09,fade,51.72,58,30
8.09,viper,50.33,151,76
8.09,sage,50.0,12,6
8.09,clove,50.0,2,1
8.09,raze,49.58,119,59
8.09,omen,48.48,132,64
8.09,breach,48.39,31,15
8.09,cypher,46.88,64,30
8.09,yoru,45.83,24,11
8.09,gekko,40.62,64,26
8.09,chamber,40.0,5,2
8.09,skye,39.53,43,17
8.09,harbor,20.0,20,4
8.10,clove,100.0,7,7
8.10,phoenix,100.0,1,1
8.10,iso,100.0,2,2
8.10,deadlock,87.5,8,7
8.10,fade,67.5,40,27
8.10,neon,63.64,11,7
8.10,yoru,63.64,22,14
8.10,gekko,60.47,43,26
8.10,astra,57.14,7,4
8.10,breach,52.08,48,25
8.10,killjoy,51.72,58,30
8.10,cypher,51.09,92,47
8.10,omen,49.64,137,68
8.10,viper,49.18,61,30
8.10,raze,48.94,94,46
8.10,sova,46.58,73,34
8.10,brimstone,44.44,18,8
8.10,sage,42.86,7,3
8.10,jett,40.54,74,30
8.10,kayo,38.33,60,23
8.10,skye,35.71,28,10
8.10,chamber,25.0,4,1
8.10,harbor,0.0,3,0
8.10,reyna,0.0,2,0
8.11,deadlock,100.0,4,4
8.11,sage,77.78,9,7
8.11,neon,66.67,45,30
8.11,skye,58.33,24,14
8.11,clove,57.14,14,8
8.11,cypher,56.98,86,49
8.11,jett,54.84,62,34
8.11,harbor,54.55,11,6
8.11,fade,52.5,40,21
8.11,omen,50.72,138,70
8.11,sova,50.56,89,45
8.11,reyna,50.0,2,1
8.11,astra,50.0,8,4
8.11,kayo,48.21,56,27
8.11,breach,48.08,52,25
8.11,iso,47.83,23,11
8.11,killjoy,47.56,82,39
8.11,viper,46.27,67,31
8.11,yoru,44.44,18,8
8.11,brimstone,42.86,14,6
8.11,raze,41.94,62,26
8.11,gekko,32.76,58,19
8.11,chamber,0.0,6,0
9.0,astra,61.54,26,16
9.0,clove,58.33,24,14
9.0,phoenix,57.14,7,4
9.0,viper,56.65,233,132
9.0,sage,53.85,39,21
9.0,skye,53.52,71,38
9.0,raze,51.95,231,120
9.0,gekko,51.92,156,81
9.0,killjoy,51.52,231,119
9.0,brimstone,50.88,57,29
9.0,sova,50.77,323,164
9.0,jett,50.0,248,124
9.0,iso,50.0,30,15
9.0,fade,49.4,168,83
9.0,breach,49.24,197,97
9.0,omen,48.99,496,243
9.0,neon,48.43,159,77
9.0,cypher,47.13,314,148
9.0,kayo,46.86,207,97
9.0,harbor,44.12,34,15
9.0,yoru,42.86,42,18
9.0,deadlock,37.5,24,9
9.0,chamber,27.27,11,3
9.0,reyna,25.0,12,3
9.01,sage,100.0,2,2
9.01,viper,63.64,11,7
9.01,jett,62.5,16,10
9.01,killjoy,57.89,19,11
9.01,sova,55.0,20,11
9.01,kayo,52.94,17,9
9.01,omen,50.0,38,19
9.01,gekko,50.0,10,5
9.01,skye,50.0,4,2
9.01,brimstone,50.0,2,1
9.01,astra,50.0,2,1
9.01,deadlock,50.0,2,1
9.01,yoru,50.0,2,1
9.01,raze,47.62,21,10
9.01,cypher,41.67,24,10
9.01,fade,40.0,5,2
9.01,breach,38.1,21,8
9.01,neon,0.0,3,0
9.01,harbor,0.0,1,0
9.02,iso,100.0,4,4
9.02,harbor,65.0,20,13
9.02,chamber,60.0,5,3
9.02,neon,58.82,51,30
9.02,clove,55.56,9,5
9.02,kayo,53.66,41,22
9.02,omen,52.78,144,76
9.02,fade,51.9,79,41
9.02,sova,51.56,128,66
9.02,cypher,50.0,100,50
9.02,jett,50.0,68,34
9.02,gekko,49.21,63,31
9.02,astra,48.48,33,16
9.02,killjoy,48.19,83,40
9.02,yoru,47.62,21,10
9.02,viper,47.5,120,57
9.02,skye,47.06,17,8
9.02,raze,46.81,94,44
9.02,breach,44.44,54,24
9.02,brimstone,41.67,24,10
9.02,deadlock,40.0,10,4
9.02,sage,20.0,10,2
9.02,phoenix,0.0,2,0
9.04,sage,100.0,1,1
9.04,deadlock,91.67,12,11
9.04,clove,83.33,6,5
9.04,harbor,75.0,8,6
9.04,skye,61.54,13,8
9.04,yoru,61.11,18,11
9.04,brimstone,56.25,16,9
9.04,cypher,56.18,89,50
9.04,neon,55.32,47,26
9.04,fade,51.72,29,15
9.04,sova,50.62,81,41
9.04,iso,50.0,2,1
9.04,reyna,50.0,2,1
9.04,astra,50.0,8,4
9.04,omen,48.11,106,51
9.04,breach,45.83,48,22
9.04,viper,45.83,48,22
9.04,jett,44.68,47,21
9.04,killjoy,43.48,46,20
9.04,kayo,42.86,35,15
9.04,raze,42.86,35,15
9.04,gekko,34.48,29,10
9.04,phoenix,0.0,4,0
9.05,clove,100.0,2,2
9.05,skye,75.0,4,3
9.05,breach,66.67,6,4
9.05,jett,66.67,3,2
9.05,raze,61.54,13,8
9.05,cypher,60.0,10,6
9.05,kayo,60.0,5,3
9.05,killjoy,50.0,6,3
9.05,gekko,50.0,6,3
9.05,brimstone,50.0,6,3
9.05,viper,45.45,11,5
9.05,sova,42.86,7,3
9.05,omen,40.0,10,4
9.05,fade,16.67,6,1
9.05,yoru,0.0,1,0
9.05,neon,0.0,3,0
9.05,reyna,0.0,1,0
9.06,gekko,100.0,5,5
9.06,sage,100.0,4,4
9.06,killjoy,60.0,10,6
9.06,vyse,60.0,5,3
9.06,omen,53.85,39,21
9.06,kayo,52.38,21,11
9.06,breach,52.0,25,13
9.06,jett,50.0,20,10
9.06,chamber,50.0,4,2
9.06,clove,50.0,4,2
9.06,fade,50.0,8,4
9.06,raze,50.0,6,3
9.06,brimstone,50.0,6,3
9.06,neon,48.39,31,15
9.06,sova,46.34,41,19
9.06,cypher,40.54,37,15
9.06,viper,40.0,5,2
9.06,astra,40.0,5,2
9.06,deadlock,0.0,2,0
9.06,skye,0.0,2,0
9.07,clove,100.0,2,2
9.07,chamber,80.0,5,4
9.07,raze,66.67,18,12
9.07,gekko,64.71,17,11
9.07,brimstone,61.54,13,8
9.07,iso,60.0,5,3
9.07,killjoy,59.09,22,13
9.07,jett,58.06,31,18
9.07,fade,53.85,13,7
9.07,yoru,53.33,15,8
9.07,omen,52.54,59,31
9.07,kayo,52.38,21,11
9.07,neon,45.16,31,14
9.07,sova,45.1,51,23
9.07,viper,43.75,16,7
9.07,cypher,42.86,42,18
9.07,skye,40.0,5,2
9.07,astra,36.36,11,4
9.07,breach,31.03,29,9
9.07,deadlock,0.0,3,0
9.07,sage,0.0,1,0
9.08,sage,100.0,1,1
9.08,clove,100.0,2,2
9.08,reyna,80.0,5,4
9.08,iso,66.67,12,8
9.08,yoru,56.52,23,13
9.08,fade,55.0,20,11
9.08,gekko,54.55,11,6
9.08,breach,53.06,49,26
9.08,astra,52.94,51,27
9.08,omen,52.69,93,49
9.08,killjoy,52.63,19,10
9.08,neon,52.0,50,26
9.08,skye,51.85,27,14
9.08,kayo,51.28,39,20
9.08,cypher,49.32,73,36
9.08,raze,47.06,34,16
9.08,jett,46.94,49,23
9.08,brimstone,46.67,15,7
9.08,sova,45.98,87,40
9.08,viper,42.31,26,11
9.08,phoenix,40.0,5,2
9.08,vyse,35.0,20,7
9.08,chamber,33.33,3,1
9.08,harbor,0.0,3,0
9.08,deadlock,0.0,3,0
9.09,vyse,88.89,9,8
9.09,brimstone,66.67,15,10
9.09,gekko,62.5,16,10
9.09,kayo,62.5,40,25
9.09,fade,61.11,18,11
9.09,jett,58.82,17,10
9.09,raze,53.12,32,17
9.09,cypher,52.78,72,38
9.09,breach,52.63,57,30
9.09,omen,52.56,78,41
9.09,skye,46.15,13,6
9.09,neon,45.31,64,29
9.09,sova,42.47,73,31
9.09,yoru,42.11,19,8
9.09,astra,40.0,35,14
9.09,viper,38.1,21,8
9.09,killjoy,33.33,18,6
9.09,iso,28.57,7,2
9.09,deadlock,20.0,5,1
9.09,sage,0.0,1,0
9.10,sage,100.0,2,2
9.10,chamber,100.0,2,2
9.10,phoenix,63.64,11,7
9.10,fade,61.29,31,19
9.10,gekko,60.87,23,14
9.10,harbor,60.0,5,3
9.10,cypher,54.94,162,89
9.10,brimstone,53.85,39,21
9.10,iso,53.33,15,8
9.10,kayo,52.38,84,44
9.10,raze,52.11,71,37
9.10,viper,52.0,50,26
9.10,jett,51.54,130,67
9.10,breach,51.47,68,35
9.10,sova,50.83,181,92
9.10,omen,48.67,150,73
9.10,astra,48.6,107,52
9.10,vyse,47.62,21,10
9.10,yoru,43.75,32,14
9.10,clove,42.86,14,6
9.10,skye,41.67,48,20
9.10,neon,41.67,60,25
9.10,killjoy,39.66,58,23
9.10,deadlock,27.27,22,6
9.10,reyna,0.0,4,0
9.11,fade,100.0,2,2
9.11,neon,100.0,1,1
9.11,vyse,75.0,4,3
9.11,breach,66.67,3,2
9.11,cypher,66.67,3,2
9.11,raze,60.0,5,3
9.11,sova,50.0,6,3
9.11,omen,50.0,6,3
9.11,kayo,50.0,6,3
9.11,astra,50.0,2,1
9.11,brimstone,50.0,4,2
9.11,killjoy,40.0,5,2
9.11,jett,33.33,6,2
9.11,skye,25.0,4,1
9.11,viper,0.0,2,0
9.11,yoru,0.0,1,0
nan,clove,100.0,3,3
nan,iso,100.0,2,2
nan,vyse,83.33,12,10
nan,tejo,60.87,23,14
nan,phoenix,56.32,87,49
nan,reyna,54.19,179,97
nan,sage,52.16,485,253
nan,omen,52.13,635,331
nan,cypher,52.09,478,249
nan,fade,51.19,168,86
nan,jett,50.84,1188,604
nan,raze,50.76,595,302
nan,kayo,50.11,447,224
nan,deadlock,50.0,20,10
nan,harbor,50.0,2,1
nan,sova,49.96,1201,600
nan,viper,49.51,717,355
nan,astra,49.23,715,352
nan,neon,48.51,134,65
nan,killjoy,48.4,562,272
nan,chamber,48.27,433,209
nan,breach,47.54,448,213
nan,skye,46.95,475,223
nan,brimstone,45.71,140,64
nan,yoru,40.54,37,15
nan,gekko,33.33,6,2
nan,waylay,0.0,2,0
